Model,Accuracy,Precision,Recall,F1-Score,ROC-AUC,CV_Mean_Acc,CV_Std
Logistic Regression,0.9824561403508771,0.9861111111111112,0.9861111111111112,0.9861111111111112,0.9953703703703703,0.9802197802197803,0.012815278889769896
Random Forest,0.956140350877193,0.958904109589041,0.9722222222222222,0.9655172413793104,0.9932208994708995,0.9604395604395606,0.019159995356222755
SVM (RBF kernel),0.9824561403508771,0.9861111111111112,0.9861111111111112,0.9861111111111112,0.9950396825396826,0.9714285714285715,0.017855029460738386
Gradient Boosting,0.956140350877193,0.9466666666666667,0.9861111111111112,0.9659863945578231,0.9907407407407408,0.956043956043956,0.013900121583157714
